{
  "project_info": {
    "project_number": "269551174100",
    "project_id": "tashil-counselling",
    "storage_bucket": "tashil-counselling.appspot.com"
  },
  "client": [
    {
      "client_info": {
        "mobilesdk_app_id": "1:269551174100:android:b8c7d07e099ea300925641",
        "android_client_info": {
          "package_name": "android.tashil.counselling"
        }
      },
      "oauth_client": [],
      "api_key": [
        {
          "current_key": "AIzaSyCq5HUe7uIeFCcTmbd1fMTmF-RPWz5Hc1o"
        }
      ],
      "services": {
        "appinvite_service": {
          "other_platform_oauth_client": []
        }
      }
    }
  ],
  "configuration_version": "1"
}